from,to,type
https://spherevista360.com,https://spherevista360.com/category/travel/,internal
https://spherevista360.com,https://spherevista360.com/us-india-trade-2025/,internal
https://spherevista360.com,https://spherevista360.com/global-inflation-2025/,internal
https://spherevista360.com,https://spherevista360.com/visa-free-destinations-2025/,internal
https://spherevista360.com,https://spherevista360.com/category/world/,internal
https://spherevista360.com,https://spherevista360.com/startup-funding-2025/,internal
https://spherevista360.com,https://spherevista360.com/category/business/,internal
https://spherevista360.com,https://spherevista360.com/category/finance/,internal
https://spherevista360.com,https://spherevista360.com/newsletter/,internal
https://spherevista360.com,https://spherevista360.com/budget-travel-tips-2025/,internal
https://spherevista360.com,https://spherevista360.com/global-elections-2025/,internal
https://spherevista360.com,https://spherevista360.com/page/6/,internal
https://spherevista360.com,https://spherevista360.com/open-source-models-2025/,internal
https://spherevista360.com,https://spherevista360.com/ai-in-politics/,internal
https://spherevista360.com,https://spherevista360.com,internal
https://spherevista360.com,https://spherevista360.com/,internal
https://spherevista360.com,https://spherevista360.com/category/politics/,internal
https://spherevista360.com,https://spherevista360.com/page/2/,internal
https://spherevista360.com,https://spherevista360.com/category/entertainment/,internal
https://spherevista360.com,https://spherevista360.com/digital-nomad-visas-2025/,internal
https://spherevista360.com,https://spherevista360.com/cloud-wars-2025/,internal
https://spherevista360.com,https://spherevista360.com/category/technology/,internal
https://spherevista360.com/category/travel/,https://spherevista360.com/smart-itineraries-with-ai-plan-trips-in-hours-not-weeks/,internal
https://spherevista360.com/category/travel/,https://spherevista360.com/category/business/,internal
https://spherevista360.com/category/travel/,https://spherevista360.com/category/travel/,internal
https://spherevista360.com/category/travel/,https://spherevista360.com/,internal
https://spherevista360.com/category/travel/,https://spherevista360.com/category/politics/,internal
https://spherevista360.com/category/travel/,https://spherevista360.com/category/finance/,internal
https://spherevista360.com/category/travel/,https://spherevista360.com/newsletter/,internal
https://spherevista360.com/category/travel/,https://spherevista360.com/category/entertainment/,internal
https://spherevista360.com/category/travel/,https://spherevista360.com/digital-nomad-visas-2025-work-from-anywhere/,internal
https://spherevista360.com/category/travel/,https://spherevista360.com/category/world/,internal
https://spherevista360.com/category/travel/,https://spherevista360.com/category/technology/,internal
https://spherevista360.com/category/travel/,https://spherevista360.com/top-visa-free-destinations-for-2025-travelers/,internal
https://spherevista360.com/us-india-trade-2025/,https://spherevista360.com/category/business/,internal
https://spherevista360.com/us-india-trade-2025/,https://spherevista360.com/category/travel/,internal
https://spherevista360.com/us-india-trade-2025/,https://spherevista360.com/,internal
https://spherevista360.com/us-india-trade-2025/,https://spherevista360.com/category/politics/,internal
https://spherevista360.com/us-india-trade-2025/,https://spherevista360.com/author/jk/,internal
https://spherevista360.com/us-india-trade-2025/,https://spherevista360.com/product-analytics-2025/,internal
https://spherevista360.com/us-india-trade-2025/,https://spherevista360.com/us-india-trade-2025/,internal
https://spherevista360.com/us-india-trade-2025/,https://spherevista360.com/category/finance/,internal
https://spherevista360.com/us-india-trade-2025/,https://spherevista360.com/newsletter/,internal
https://spherevista360.com/us-india-trade-2025/,https://spherevista360.com/category/entertainment/,internal
https://spherevista360.com/us-india-trade-2025/,https://spherevista360.com/on-device-vs-cloud-ai-2025/,internal
https://spherevista360.com/us-india-trade-2025/,https://spherevista360.com/global-inflation-2025/,internal
https://spherevista360.com/us-india-trade-2025/,https://spherevista360.com/category/uncategorized/,internal
https://spherevista360.com/us-india-trade-2025/,https://spherevista360.com/visa-free-destinations-2025/,internal
https://spherevista360.com/us-india-trade-2025/,https://spherevista360.com/category/world/,internal
https://spherevista360.com/us-india-trade-2025/,https://spherevista360.com/category/technology/,internal
https://spherevista360.com/global-inflation-2025/,https://spherevista360.com/category/business/,internal
https://spherevista360.com/global-inflation-2025/,https://spherevista360.com/category/travel/,internal
https://spherevista360.com/global-inflation-2025/,https://spherevista360.com/,internal
https://spherevista360.com/global-inflation-2025/,https://spherevista360.com/category/politics/,internal
https://spherevista360.com/global-inflation-2025/,https://spherevista360.com/author/jk/,internal
https://spherevista360.com/global-inflation-2025/,https://spherevista360.com/product-analytics-2025/,internal
https://spherevista360.com/global-inflation-2025/,https://spherevista360.com/us-india-trade-2025/,internal
https://spherevista360.com/global-inflation-2025/,https://spherevista360.com/category/finance/,internal
https://spherevista360.com/global-inflation-2025/,https://spherevista360.com/newsletter/,internal
https://spherevista360.com/global-inflation-2025/,https://spherevista360.com/category/entertainment/,internal
https://spherevista360.com/global-inflation-2025/,https://spherevista360.com/on-device-vs-cloud-ai-2025/,internal
https://spherevista360.com/global-inflation-2025/,https://spherevista360.com/global-elections-2025/,internal
https://spherevista360.com/global-inflation-2025/,https://spherevista360.com/global-inflation-2025/,internal
https://spherevista360.com/global-inflation-2025/,https://spherevista360.com/category/uncategorized/,internal
https://spherevista360.com/global-inflation-2025/,https://spherevista360.com/category/world/,internal
https://spherevista360.com/global-inflation-2025/,https://spherevista360.com/category/technology/,internal
https://spherevista360.com/visa-free-destinations-2025/,https://spherevista360.com/category/business/,internal
https://spherevista360.com/visa-free-destinations-2025/,https://spherevista360.com/category/travel/,internal
https://spherevista360.com/visa-free-destinations-2025/,https://spherevista360.com/,internal
https://spherevista360.com/visa-free-destinations-2025/,https://spherevista360.com/category/politics/,internal
https://spherevista360.com/visa-free-destinations-2025/,https://spherevista360.com/author/jk/,internal
https://spherevista360.com/visa-free-destinations-2025/,https://spherevista360.com/product-analytics-2025/,internal
https://spherevista360.com/visa-free-destinations-2025/,https://spherevista360.com/us-india-trade-2025/,internal
https://spherevista360.com/visa-free-destinations-2025/,https://spherevista360.com/category/finance/,internal
https://spherevista360.com/visa-free-destinations-2025/,https://spherevista360.com/newsletter/,internal
https://spherevista360.com/visa-free-destinations-2025/,https://spherevista360.com/category/entertainment/,internal
https://spherevista360.com/visa-free-destinations-2025/,https://spherevista360.com/on-device-vs-cloud-ai-2025/,internal
https://spherevista360.com/visa-free-destinations-2025/,https://spherevista360.com/category/uncategorized/,internal
https://spherevista360.com/visa-free-destinations-2025/,https://spherevista360.com/visa-free-destinations-2025/,internal
https://spherevista360.com/visa-free-destinations-2025/,https://spherevista360.com/category/world/,internal
https://spherevista360.com/visa-free-destinations-2025/,https://spherevista360.com/category/technology/,internal
https://spherevista360.com/category/world/,https://spherevista360.com/category/business/,internal
https://spherevista360.com/category/world/,https://spherevista360.com/category/travel/,internal
https://spherevista360.com/category/world/,https://spherevista360.com/,internal
https://spherevista360.com/category/world/,https://spherevista360.com/category/politics/,internal
https://spherevista360.com/category/world/,https://spherevista360.com/digital-identity-goes-global-cross-border-logins-and-payments/,internal
https://spherevista360.com/category/world/,https://spherevista360.com/category/finance/,internal
https://spherevista360.com/category/world/,https://spherevista360.com/newsletter/,internal
https://spherevista360.com/category/world/,https://spherevista360.com/category/entertainment/,internal
https://spherevista360.com/category/world/,https://spherevista360.com/global-elections-2025-shifting-political-dynamics/,internal
https://spherevista360.com/category/world/,https://spherevista360.com/reshoring-2-0-how-supply-chains-are-really-changing-in-2025/,internal
https://spherevista360.com/category/world/,https://spherevista360.com/category/world/,internal
https://spherevista360.com/category/world/,https://spherevista360.com/us-india-trade-relations-a-new-era-of-cooperation/,internal
https://spherevista360.com/category/world/,https://spherevista360.com/category/technology/,internal
https://spherevista360.com/startup-funding-2025/,https://spherevista360.com/startup-funding-2025/,internal
https://spherevista360.com/startup-funding-2025/,https://spherevista360.com/category/business/,internal
https://spherevista360.com/startup-funding-2025/,https://spherevista360.com/ai-in-politics/,internal
https://spherevista360.com/startup-funding-2025/,https://spherevista360.com/category/travel/,internal
https://spherevista360.com/startup-funding-2025/,https://spherevista360.com/,internal
https://spherevista360.com/startup-funding-2025/,https://spherevista360.com/category/politics/,internal
https://spherevista360.com/startup-funding-2025/,https://spherevista360.com/author/jk/,internal
https://spherevista360.com/startup-funding-2025/,https://spherevista360.com/product-analytics-2025/,internal
https://spherevista360.com/startup-funding-2025/,https://spherevista360.com/on-device-vs-cloud-ai-2025/,internal
https://spherevista360.com/startup-funding-2025/,https://spherevista360.com/category/finance/,internal
https://spherevista360.com/startup-funding-2025/,https://spherevista360.com/newsletter/,internal
https://spherevista360.com/startup-funding-2025/,https://spherevista360.com/category/entertainment/,internal
https://spherevista360.com/startup-funding-2025/,https://spherevista360.com/open-source-models-2025/,internal
https://spherevista360.com/startup-funding-2025/,https://spherevista360.com/category/uncategorized/,internal
https://spherevista360.com/startup-funding-2025/,https://spherevista360.com/category/world/,internal
https://spherevista360.com/startup-funding-2025/,https://spherevista360.com/category/technology/,internal
https://spherevista360.com/category/business/,https://spherevista360.com/category/business/,internal
https://spherevista360.com/category/business/,https://spherevista360.com/category/travel/,internal
https://spherevista360.com/category/business/,https://spherevista360.com/startup-funding-trends-and-investor-sentiment-in-2025/,internal
https://spherevista360.com/category/business/,https://spherevista360.com/,internal
https://spherevista360.com/category/business/,https://spherevista360.com/category/politics/,internal
https://spherevista360.com/category/business/,https://spherevista360.com/category/finance/,internal
https://spherevista360.com/category/business/,https://spherevista360.com/newsletter/,internal
https://spherevista360.com/category/business/,https://spherevista360.com/category/entertainment/,internal
https://spherevista360.com/category/business/,https://spherevista360.com/ops-copilots-automating-the-unsexy-work-that-scales-businesses/,internal
https://spherevista360.com/category/business/,https://spherevista360.com/category/world/,internal
https://spherevista360.com/category/business/,https://spherevista360.com/category/technology/,internal
https://spherevista360.com/category/finance/,https://spherevista360.com/category/business/,internal
https://spherevista360.com/category/finance/,https://spherevista360.com/category/travel/,internal
https://spherevista360.com/category/finance/,https://spherevista360.com/,internal
https://spherevista360.com/category/finance/,https://spherevista360.com/category/politics/,internal
https://spherevista360.com/category/finance/,https://spherevista360.com/green-bonds-and-the-energy-transition-where-yields-make-sense/,internal
https://spherevista360.com/category/finance/,https://spherevista360.com/category/finance/,internal
https://spherevista360.com/category/finance/,https://spherevista360.com/newsletter/,internal
https://spherevista360.com/category/finance/,https://spherevista360.com/category/entertainment/,internal
https://spherevista360.com/category/finance/,https://spherevista360.com/how-ai-is-transforming-global-investing-in-2025/,internal
https://spherevista360.com/category/finance/,https://spherevista360.com/ai-agents-in-retail-investing-what-actually-works-in-2025/,internal
https://spherevista360.com/category/finance/,https://spherevista360.com/digital-banking-revolution-the-future-of-fintech/,internal
https://spherevista360.com/category/finance/,https://spherevista360.com/rising-inflation-and-its-impact-on-emerging-markets/,internal
https://spherevista360.com/category/finance/,https://spherevista360.com/category/world/,internal
https://spherevista360.com/category/finance/,https://spherevista360.com/category/technology/,internal
https://spherevista360.com/newsletter/,https://spherevista360.com/cloud-gaming-platforms-2025/,internal
https://spherevista360.com/newsletter/,https://spherevista360.com/category/travel/,internal
https://spherevista360.com/newsletter/,https://spherevista360.com/homepage/,internal
https://spherevista360.com/newsletter/,https://spherevista360.com/category/world/,internal
https://spherevista360.com/newsletter/,https://spherevista360.com/top-visa-free-destinations-for-2025-travelers/,internal
https://spherevista360.com/newsletter/,https://spherevista360.com/category/business/,internal
https://spherevista360.com/newsletter/,https://spherevista360.com/generative-ai-tools-shaping-tech-in-2025/,internal
https://spherevista360.com/newsletter/,https://spherevista360.com/newsletter/,internal
https://spherevista360.com/newsletter/,https://spherevista360.com/category/finance/,internal
https://spherevista360.com/newsletter/,https://spherevista360.com/youtube-automation-channels-scaling/,internal
https://spherevista360.com/newsletter/,https://spherevista360.com/archives/,internal
https://spherevista360.com/newsletter/,https://spherevista360.com/ai-hollywood-visual-effects/,internal
https://spherevista360.com/newsletter/,https://spherevista360.com/,internal
https://spherevista360.com/newsletter/,https://spherevista360.com/category/politics/,internal
https://spherevista360.com/newsletter/,https://spherevista360.com/spotify-ai-dj-music-discovery/,internal
https://spherevista360.com/newsletter/,https://spherevista360.com/streaming-wars-update/,internal
https://spherevista360.com/newsletter/,https://spherevista360.com/cybersecurity-in-the-age-of-ai-automation/,internal
https://spherevista360.com/newsletter/,https://spherevista360.com/startup-funding-trends-and-investor-sentiment-in-2025/,internal
https://spherevista360.com/newsletter/,https://spherevista360.com/category/entertainment/,internal
https://spherevista360.com/newsletter/,https://spherevista360.com/category/technology/,internal
https://spherevista360.com/budget-travel-tips-2025/,https://spherevista360.com/category/business/,internal
https://spherevista360.com/budget-travel-tips-2025/,https://spherevista360.com/ai-in-politics/,internal
https://spherevista360.com/budget-travel-tips-2025/,https://spherevista360.com/category/travel/,internal
https://spherevista360.com/budget-travel-tips-2025/,https://spherevista360.com/,internal
https://spherevista360.com/budget-travel-tips-2025/,https://spherevista360.com/category/politics/,internal
https://spherevista360.com/budget-travel-tips-2025/,https://spherevista360.com/author/jk/,internal
https://spherevista360.com/budget-travel-tips-2025/,https://spherevista360.com/product-analytics-2025/,internal
https://spherevista360.com/budget-travel-tips-2025/,https://spherevista360.com/on-device-vs-cloud-ai-2025/,internal
https://spherevista360.com/budget-travel-tips-2025/,https://spherevista360.com/budget-travel-tips-2025/,internal
https://spherevista360.com/budget-travel-tips-2025/,https://spherevista360.com/category/finance/,internal
https://spherevista360.com/budget-travel-tips-2025/,https://spherevista360.com/category/entertainment/,internal
https://spherevista360.com/budget-travel-tips-2025/,https://spherevista360.com/newsletter/,internal
https://spherevista360.com/budget-travel-tips-2025/,https://spherevista360.com/cloud-wars-2025/,internal
https://spherevista360.com/budget-travel-tips-2025/,https://spherevista360.com/category/uncategorized/,internal
https://spherevista360.com/budget-travel-tips-2025/,https://spherevista360.com/category/world/,internal
https://spherevista360.com/budget-travel-tips-2025/,https://spherevista360.com/category/technology/,internal
https://spherevista360.com/global-elections-2025/,https://spherevista360.com/category/business/,internal
https://spherevista360.com/global-elections-2025/,https://spherevista360.com/category/travel/,internal
https://spherevista360.com/global-elections-2025/,https://spherevista360.com/,internal
https://spherevista360.com/global-elections-2025/,https://spherevista360.com/category/politics/,internal
https://spherevista360.com/global-elections-2025/,https://spherevista360.com/author/jk/,internal
https://spherevista360.com/global-elections-2025/,https://spherevista360.com/product-analytics-2025/,internal
https://spherevista360.com/global-elections-2025/,https://spherevista360.com/on-device-vs-cloud-ai-2025/,internal
https://spherevista360.com/global-elections-2025/,https://spherevista360.com/category/finance/,internal
https://spherevista360.com/global-elections-2025/,https://spherevista360.com/newsletter/,internal
https://spherevista360.com/global-elections-2025/,https://spherevista360.com/category/entertainment/,internal
https://spherevista360.com/global-elections-2025/,https://spherevista360.com/digital-nomad-visas-2025/,internal
https://spherevista360.com/global-elections-2025/,https://spherevista360.com/global-elections-2025/,internal
https://spherevista360.com/global-elections-2025/,https://spherevista360.com/global-inflation-2025/,internal
https://spherevista360.com/global-elections-2025/,https://spherevista360.com/category/uncategorized/,internal
https://spherevista360.com/global-elections-2025/,https://spherevista360.com/category/world/,internal
https://spherevista360.com/global-elections-2025/,https://spherevista360.com/category/technology/,internal
https://spherevista360.com/page/6/,https://spherevista360.com/category/business/,internal
https://spherevista360.com/page/6/,https://spherevista360.com/category/travel/,internal
https://spherevista360.com/page/6/,https://spherevista360.com/page/5/,internal
https://spherevista360.com/page/6/,https://spherevista360.com/,internal
https://spherevista360.com/page/6/,https://spherevista360.com/category/politics/,internal
https://spherevista360.com/page/6/,https://spherevista360.com/category/finance/,internal
https://spherevista360.com/page/6/,https://spherevista360.com/newsletter/,internal
https://spherevista360.com/page/6/,https://spherevista360.com/category/entertainment/,internal
https://spherevista360.com/page/6/,https://spherevista360.com/how-ai-is-transforming-global-investing-in-2025/,internal
https://spherevista360.com/page/6/,https://spherevista360.com/digital-banking-revolution-the-future-of-fintech/,internal
https://spherevista360.com/page/6/,https://spherevista360.com/rising-inflation-and-its-impact-on-emerging-markets/,internal
https://spherevista360.com/page/6/,https://spherevista360.com/category/world/,internal
https://spherevista360.com/page/6/,https://spherevista360.com/page/6/,internal
https://spherevista360.com/page/6/,https://spherevista360.com/category/technology/,internal
https://spherevista360.com/open-source-models-2025/,https://spherevista360.com/startup-funding-2025/,internal
https://spherevista360.com/open-source-models-2025/,https://spherevista360.com/category/business/,internal
https://spherevista360.com/open-source-models-2025/,https://spherevista360.com/category/travel/,internal
https://spherevista360.com/open-source-models-2025/,https://spherevista360.com/,internal
https://spherevista360.com/open-source-models-2025/,https://spherevista360.com/category/politics/,internal
https://spherevista360.com/open-source-models-2025/,https://spherevista360.com/category/technology/,internal
https://spherevista360.com/open-source-models-2025/,https://spherevista360.com/author/jk/,internal
https://spherevista360.com/open-source-models-2025/,https://spherevista360.com/generative-ai-tools-2025/,internal
https://spherevista360.com/open-source-models-2025/,https://spherevista360.com/category/finance/,internal
https://spherevista360.com/open-source-models-2025/,https://spherevista360.com/newsletter/,internal
https://spherevista360.com/open-source-models-2025/,https://spherevista360.com/category/entertainment/,internal
https://spherevista360.com/open-source-models-2025/,https://spherevista360.com/product-analytics-2025/,internal
https://spherevista360.com/open-source-models-2025/,https://spherevista360.com/on-device-vs-cloud-ai-2025/,internal
https://spherevista360.com/open-source-models-2025/,https://spherevista360.com/category/uncategorized/,internal
https://spherevista360.com/open-source-models-2025/,https://spherevista360.com/category/world/,internal
https://spherevista360.com/open-source-models-2025/,https://spherevista360.com/open-source-models-2025/,internal
https://spherevista360.com/ai-in-politics/,https://spherevista360.com/startup-funding-2025/,internal
https://spherevista360.com/ai-in-politics/,https://spherevista360.com/category/business/,internal
https://spherevista360.com/ai-in-politics/,https://spherevista360.com/ai-in-politics/,internal
https://spherevista360.com/ai-in-politics/,https://spherevista360.com/category/travel/,internal
https://spherevista360.com/ai-in-politics/,https://spherevista360.com/,internal
https://spherevista360.com/ai-in-politics/,https://spherevista360.com/category/politics/,internal
https://spherevista360.com/ai-in-politics/,https://spherevista360.com/author/jk/,internal
https://spherevista360.com/ai-in-politics/,https://spherevista360.com/product-analytics-2025/,internal
https://spherevista360.com/ai-in-politics/,https://spherevista360.com/on-device-vs-cloud-ai-2025/,internal
https://spherevista360.com/ai-in-politics/,https://spherevista360.com/category/finance/,internal
https://spherevista360.com/ai-in-politics/,https://spherevista360.com/newsletter/,internal
https://spherevista360.com/ai-in-politics/,https://spherevista360.com/category/entertainment/,internal
https://spherevista360.com/ai-in-politics/,https://spherevista360.com/budget-travel-tips-2025/,internal
https://spherevista360.com/ai-in-politics/,https://spherevista360.com/category/uncategorized/,internal
https://spherevista360.com/ai-in-politics/,https://spherevista360.com/category/world/,internal
https://spherevista360.com/ai-in-politics/,https://spherevista360.com/category/technology/,internal
